,Name,Tags
0,The Weeknd,rnb electronic Canadian dubstep prog-rnb
1,Billie Eilish,pop indiepop seenlive electropop indie
2,Charli XCX,pop synthpop electronic seenlive femalevocalists
3,Lady Gaga,pop dance electronic femalevocalists femalevocalist
4,Kendrick Lamar,Hip-Hop rap seenlive westcoast hiphop
5,Kanye West,Hip-Hop rap hiphop rnb KanyeWest
6,Sabrina Carpenter,pop indiepop alternative folk poprock
7,Chappell Roan,pop indiepop synthpop seenlive electropop
8,Lana Del Rey,femalevocalists indie indiepop pop alternative
9,Taylor Swift,country pop femalevocalists singer-songwriter acoustic
10,"Tyler, the Creator",Hip-Hop rap ofwgkta undergroundhip-hop swag
11,Radiohead,alternative alternativerock rock indie electronic
12,Rihanna,pop rnb femalevocalists dance Hip-Hop
13,Arctic Monkeys,indierock indie british rock alternative
14,Drake,Hip-Hop rap rnb hiphop Canadian
15,Frank Ocean,rnb soul Hip-Hop r&b ofwgkta
16,Ariana Grande,pop rnb femalevocalists ArianaGrande american
17,Travis Scott,Hip-Hop trap rap hiphop Houston
18,SZA,rnb soul electronic alternativernb femalevocalists
19,Mitski,seenlive indierock indie indiepop dreampop
20,Coldplay,rock alternative britpop alternativerock indie
21,Steve Lacy,jazz freejazz saxophone Avant-GardeJazz sopranosax
22,Clairo,bedroompop dreampop indiepop seenlive Lo-Fi
23,Olivia Rodrigo,pop poprock rock indiepop femalevocalists
24,Doja Cat,pop rnb rap Hip-Hop femalevocalists
25,The Neighbourhood,indie indierock indiepop rock seenlive
26,Linkin Park,rock NuMetal alternativerock alternative metal
27,Katy Perry,pop femalevocalists poprock indie rock
28,The Smiths,indie 80s post-punk newwave alternative
29,Tame Impala,PsychedelicRock psychedelic indierock seenlive australian
30,Childish Gambino,Hip-Hop rap seenlive indie hiphop
31,Future,Hip-Hop rap trap hiphop atlanta
32,Nirvana,Grunge rock alternative alternativerock 90s
33,Bruno Mars,pop rnb malevocalists r&b slowjams
34,Beyoncé,rnb pop femalevocalists soul Hip-Hop
35,A$AP Rocky,Hip-Hop rap seenlive undergroundhip-hop swag
36,Paramore,rock poppunk alternative femalevocalists emo
37,Gorillaz,alternative electronic Hip-Hop rock indie
38,TV Girl,indiepop Lo-Fi indie chillwave seenlive
39,Eminem,rap Hip-Hop Eminem hiphop pop
40,Mac DeMarco,Lo-Fi indie seenlive experimental post-punk
41,Post Malone,Hip-Hop rap trap pop cloudrap
42,The Beatles,classicrock rock british 60s pop
43,Playboi Carti,trap Hip-Hop rap hiphop cloudrap
44,Hozier,blues indie soul singer-songwriter irish
45,Kali Uchis,rnb Neo-Soul soul seenlive pop
46,Deftones,NuMetal metal alternative alternativerock rock
47,Fleetwood Mac,classicrock rock 70s blues pop
48,Michael Jackson,pop 80s dance soul funk
49,Britney Spears,pop dance femalevocalists BritneySpears legend
50,Queen,classicrock rock 80s hardrock glamrock
51,beabadoobee,indiepop seenlive indie indierock bedroompop
52,The Strokes,indierock rock indie alternative alternativerock
53,The Cure,post-punk newwave alternative 80s rock
54,Justin Bieber,pop blackmetal justinbieber rnb Hip-Hop
55,pinkpantheress,rnb electronic seenlive pop british
56,Metro Boomin,trap Hip-Hop rap hiphop SouthernHipHop
57,Harry Styles,pop rock seenlive poprock alternative
58,LIL UZI VERT,trap rap Hip-Hop hiphop emorap
59,Cigarettes After Sex,dreampop seenlive shoegaze slowcore Lo-Fi
60,Mac Miller,Hip-Hop rap undergroundhip-hop pittsburgh undergroundrap
61,The Cranberries,rock alternative femalevocalists alternativerock irish
62,Green Day,punkrock rock punk alternative poppunk
63,Maroon 5,rock pop poprock alternative alternativerock
64,xxxtentacion,rap Hip-Hop trap cloudrap emorap
65,Lorde,pop indiepop electronic indie NewZealand
66,J. Cole,Hip-Hop rap undergroundhip-hop JazzHop hiphop
67,Calvin Harris,electronic dance electro Disco seenlive
68,Dua Lipa,pop seenlive electropop synthpop british
69,Jay-Z,Hip-Hop rap hiphop eastcoastrap jay-z
70,21 Savage,trap Hip-Hop rap hiphop atlanta
71,Red Hot Chili Peppers,rock alternativerock alternative FunkRock funk
72,System of a Down,metal alternativemetal rock NuMetal alternative
73,Kesha,pop dance electropop femalevocalists electronic
74,Adele,soul femalevocalists british singer-songwriter indie
75,Joji,Lo-Fi rnb Hip-Hop alternativernb japanese
76,Nicki Minaj,Hip-Hop rap rnb pop hiphop
77,The Kid Laroi,rap emorap Hip-Hop australian pop
78,My Chemical Romance,rock emo alternative punkrock punk
79,Don Toliver,rap trap Hip-Hop rnb hiphop
80,Twenty One Pilots,electronic alternative indie indiepop seenlive
81,Brent Faiyaz,rnb soul electronic BrentFaiyaz seenlive
82,Megan Thee Stallion,rap Hip-Hop trap hiphop american
83,Miley Cyrus,pop femalevocalists Disney dance betterthanselenagomez
84,Girl In Red,dreampop indie indiepop seenlive Lo-Fi
85,Alex G,seenlive singer-songwriter Lo-Fi indierock indie
86,David Guetta,House dance electronic club techno
87,Elton John,pop classicrock singer-songwriter rock piano
88,David Bowie,rock glamrock classicrock 80s alternative
89,Dominic Fike,indie indiepop seenlive pop alternative
90,The Smashing Pumpkins,alternativerock rock alternative Grunge 90s
91,NewJeans,k-pop Kpop pop rnb dance-pop
92,Daft Punk,electronic House dance electronica techno
93,Baby Keem,rap Hip-Hop trap seenlive hiphop
94,The Killers,indie rock indierock alternative alternativerock
95,Phoebe Bridgers,seenlive singer-songwriter folk indiefolk indie
96,Troye Sivan,pop indiepop seenlive malevocalists indie
97,ABBA,pop Disco 70s swedish 80s
98,MGMT,electronic indie psychedelic alternative indiepop
99,Gracie Abrams,seenlive pop indiepop indie singer-songwriter
100,Beach House,dreampop seenlive indiepop indie Lo-Fi
101,Foo Fighters,rock alternativerock Grunge alternative seenlive
102,OutKast,Hip-Hop rap funk hiphop soul
103,Laufey,jazz pop femalevocalists icelandic soul
104,Panic! at the Disco,rock alternative emo poppunk indie
105,Justin Timberlake,pop rnb dance malevocalists Hip-Hop
106,Weezer,rock alternative alternativerock indie indierock
107,Daniel Caesar,rnb soul Neo-Soul Canadian alternativernb
108,Pink Floyd,Progressiverock classicrock PsychedelicRock rock psychedelic
109,bôa,alternative alternativerock rock indie femalevocalists
110,Nelly Furtado,pop femalevocalists Canadian folk singer-songwriter
111,Conan Gray,indie seenlive pop indiepop american
112,LE SSERAFIM,k-pop Kpop Korean pop femalevocalists
113,Cage the Elephant,indierock alternative rock indie punkrock
114,Men I Trust,dreampop indie indiepop seenlive Canadian
115,Black Eyed Peas,Hip-Hop pop rnb rap hiphop
116,Eyedress,electronic experimental indie psychedelic pop
117,Ed Sheeran,acoustic british singer-songwriter easy-listening pop
118,Imagine Dragons,indie indierock alternative rock indiepop
119,Oasis,britpop rock british alternative indie
120,Fall Out Boy,poppunk rock emo alternative punk
121,Pixies,alternative indie rock alternativerock indierock
122,Surf Curse,Lo-Fi Surf GarageRock indie indierock
123,LIL PEEP,cloudrap emorap Hip-Hop rap emo
124,Pitbull,Hip-Hop rap Reggaeton hiphop Crunk
125,Mazzy Star,dreampop femalevocalists indie shoegaze alternative
126,Shakira,pop latin femalevocalists spanish rock
127,Juice WRLD,emorap Hip-Hop rap cloudrap trap
128,Lil Wayne,rap Hip-Hop DirtySouth hiphop southernrap
129,One Direction,pop british onedirection boyband Xfactor
130,Metallica,thrashmetal metal heavymetal hardrock rock
131,Tate McRae,pop Canadian electronic canada Alberta
132,Faye Webster,seenlive indie singer-songwriter indiefolk folk
133,Kid Cudi,Hip-Hop rap alternativerap hiphop House
134,The 1975,indie indierock seenlive british alternative
135,Avril Lavigne,pop poprock rock femalevocalists Canadian
136,MF DOOM,Hip-Hop undergroundhip-hop rap hiphop mfdoom
137,Madonna,pop dance femalevocalists 80s electronic
138,¥$,rap Hip-Hop hiphop trap KanyeWest
139,Lil Yachty,trap Hip-Hop rap hiphop PsychedelicRock
140,Billy Joel,classicrock singer-songwriter rock pop piano
141,The Marías,indiepop dreampop indie bedroompop alternative
142,Djo,psychedelicpop indie psychedelic indiepop PsychedelicRock
143,Slipknot,NuMetal metal heavymetal seenlive Nu-metal
144,Gunna,rap trap Hip-Hop atlanta hiphop
145,yeat,trap rap rage cloudrap plugg
146,Lisa,j-pop japanese Hip-Hop k-pop Kpop
147,Wallows,indie indierock seenlive rock alternative
148,Tears for Fears,newwave 80s pop synthpop rock
149,Muse,alternativerock rock alternative Progressiverock seenlive
150,d4vd,pop rnb rock dreampop seenlive
151,Frank Sinatra,jazz swing oldies vocaljazz easylistening
152,Lil Tecca,rap Hip-Hop trap hiphop newyork
153,The Rolling Stones,classicrock rock british 60s blues
154,Sade,soul femalevocalists jazz chillout pop
155,BTS,k-pop Korean Kpop bts pop
156,Tory Lanez,rnb Hip-Hop rap Canadian canada
157,Halsey,pop indiepop indie seenlive femalevocalists
158,Marina,pop indiepop femalevocalists post-hardcore british
159,Ken Carson,rage trap opium cloudrap seenlive
160,Usher,rnb Hip-Hop pop soul rap
161,The Notorious B.I.G.,Hip-Hop rap GangstaRap eastcoastrap hiphop
162,Shawn Mendes,pop Canadian folk seenlive acoustic
163,Amy Winehouse,soul jazz femalevocalists british singer-songwriter
164,Hotel Ugly,indie soul alternative USA over1millionlisteners
165,Florence + the Machine,indie femalevocalists british alternative indiepop
166,Noah Kahan,indie folk singer-songwriter seenlive acoustic
167,50 Cent,rap Hip-Hop GangstaRap hiphop 50Cent
168,Bring Me the Horizon,deathcore metalcore hardcore screamo metal
169,Big Thief,seenlive indierock indiefolk folk folkrock
170,Camila Cabello,pop femalevocalists cuba cuban dance
171,aespa,k-pop Kpop pop Korean hyperpop
172,Daryl Hall & John Oates,80s pop softrock classicrock rock
173,Addison Rae,pop queenofpop tiktok Queen mother
174,Bon Iver,folk indie singer-songwriter acoustic seenlive
175,Cocteau Twins,dreampop shoegaze post-punk ethereal alternative
176,Grimes,electronic dreampop experimental psychedelic Canadian
177,blink-182,punkrock poppunk punk rock alternative
178,Tommy Richman,rnb rap funk Hip-Hop alternativernb
179,Kate Bush,femalevocalists singer-songwriter pop alternative 80s
180,Chief Keef,Hip-Hop rap drill trap hiphop
181,2Pac,rap Hip-Hop GangstaRap WestCoastRap hiphop
182,Miguel,rnb soul r&b Hip-Hop seenlive
183,Trippie Redd,trap Hip-Hop rap cloudrap emorap
184,Sufjan Stevens,indie folk singer-songwriter alternative indierock
185,Melanie Martinez,pop indie indiepop femalevocalists alternative
186,VACATIONS,indie indiepop indierock dreampop soul
187,Suki Waterhouse,indiepop electronic femalevocalists downtempo british
188,The Cardigans,pop rock femalevocalists swedish alternative
189,Korn,NuMetal metal alternative rock Nu-metal
190,Blur,britpop rock indie alternative british
191,Vansire,dreampop indiepop Lo-Fi indie bedroompop
192,Artemas,pop british rnb seenlive indie
193,The Police,rock classicrock 80s newwave pop
194,Glass Animals,electronic seenlive trip-hop indie british
195,Chase Atlantic,rnb australian seenlive indie rock
196,Pierce The Veil,post-hardcore emocore emo experimental seenlive
197,Bad Bunny,Reggaeton latin trap puertorico rap
198,Chris Brown,rnb Hip-Hop ChrisBrown rap hiphop
199,Young Thug,trap Hip-Hop rap hiphop atlanta
200,Foster the People,indie indiepop alternative american seenlive
201,Slowdive,shoegaze dreampop ambient indie shoegazer
202,Limp Bizkit,NuMetal rapcore rock alternative metal
203,Selena Gomez,pop femalevocalists Disney poprock SelenaGomez
204,Gigi Perez,USA bedroompop
205,OneRepublic,rock poprock alternative alternativerock indie
206,Led Zeppelin,classicrock rock hardrock 70s Progressiverock
207,TWICE,k-pop Kpop Korean pop girlgroup
208,AdriAnne Lenker,singer-songwriter indiefolk folk femalevocalists indie
209,Aphex Twin,electronic idm ambient experimental electronica
210,Talking Heads,newwave post-punk 80s rock alternative
211,Gwen Stefani,pop femalevocalists dance rock alternative
212,Sam Smith,soul pop british electronic seenlive
213,Salvia Palth,Lo-Fi slowcore dreampop shoegaze indie
214,Lord Huron,folk seenlive indie psychedelic indiepop
215,Fiona Apple,femalevocalists singer-songwriter alternative piano indie
216,Marshmello,electronic dance trap EDM pop
217,Strawberry Guy,dreampop british indiepop bedroompop shoegaze
218,Evanescence,rock GothicRock femalevocalists Gothic alternative
219,Demi Lovato,pop poprock femalevocalists Disney guiltypleasure
220,Mariah Carey,pop rnb femalevocalists soul MariahCarey
221,Thundercat,funk electronic jazz soul seenlive
222,$uicideboy$,cloudrap Hip-Hop trap rap Horrorcore
223,Bryson Tiller,rnb Hip-Hop trap rap soul
224,Black Sabbath,heavymetal hardrock classicrock metal rock
225,Rex Orange County,indiepop rnb seenlive pop jazz
226,Jeff Buckley,singer-songwriter rock alternative indie folk
227,Joey Bada$$,Hip-Hop rap undergroundhip-hop hiphop newyork
228,Red Velvet,k-pop Kpop Korean pop femalevocalists
229,The Offspring,punkrock punk rock alternative alternativerock
230,AC/DC,hardrock classicrock rock heavymetal metal
231,Alice in Chains,Grunge rock alternativerock hardrock alternative
232,Depeche Mode,electronic newwave 80s synthpop synthpop
233,Willow,post-rock pop rnb alternative femalevocalists
234,"Earth, Wind & Fire",funk soul Disco 70s rnb
235,The Goo Goo Dolls,rock alternativerock alternative 90s pop
236,Sia,femalevocalists chillout indie trip-hop downtempo
237,PARTYNEXTDOOR,rnb r&b soul Hip-Hop canada
238,Cults,indiepop Lo-Fi experimental seenlive noise
239,Creedence Clearwater Revival,classicrock rock SouthernRock 60s folk
240,5 Seconds of Summer,poprock poppunk rock pop australian
241,Matt Maltese,pop singer-songwriter indiepop indie british
242,Crystal Castles,electronic 8-bit newrave electro seenlive
243,Mother Mother,indie Canadian indiepop experimental folk
244,Bee Gees,Disco pop 70s classicrock oldies
245,Current Joys,indie indiepop indierock emo Lo-Fi
246,Khalid,rnb pop soul alternative alternativernb
247,Guns N' Roses,hardrock rock classicrock 80s metal
248,MAGDALENA BAY,synthpop electropop indiepop dreampop pop
249,The Chainsmokers,electronic pop House electrohouse dance
250,Zayn,pop rnb british malevocalists sexy
251,Elliott Smith,singer-songwriter indie folk acoustic indierock
252,Tove Lo,pop swedish electronic femalevocalists indie
253,Kodak Black,trap Hip-Hop rap hiphop florida
254,Lil Nas X,Hip-Hop rap trap countryrap seenlive
255,Jordana,indierock seenlive indie pop indiepop
256,Denzel Curry,Hip-Hop rap hiphop trap cloudrap
257,Duster,slowcore spacerock shoegaze indierock dronerock
258,LUCKI,dance pop swedish femalevocalists trap
259,Three Days Grace,alternativerock rock alternative hardrock metal
260,The walters,indierock indie indiepop bluesrock USA
261,Rosalía,pop Flamenco seenlive spanish spain
262,Marvin Gaye,soul motown funk rhythmandblues rnb
263,The Doors,classicrock PsychedelicRock rock psychedelic 60s
264,Jung Kook,k-pop pop Korean worstof2024 Kpop
265,Zach Bryan,country singer-songwriter americana Alt-country countryrock
266,The Clash,punk punkrock british rock classicrock
267,Flo Rida,Hip-Hop rap hiphop DirtySouth southernrap
268,Cardi B,Hip-Hop rap trap hiphop american
269,The White Stripes,rock alternative alternativerock indie indierock
270,Charlie Puth,pop rnb soul USA american
271,Lil Baby,rap Hip-Hop hiphop trap atlanta
272,Yeah Yeah Yeahs,indie indierock femalevocalists alternative rock
273,Pharrell Williams,Hip-Hop rnb rap hiphop seenlive
274,Carly Rae Jepsen,pop Canadian femalevocalists folk acoustic
275,JPEGMAFIA,Hip-Hop seenlive experimental glitchhop experimentalhip-hop
276,BLACKPINK,k-pop Kpop pop Korean girlgroup
277,Kings of Leon,rock indie indierock alternative seenlive
278,Labrinth,electronic british rnb dance r&b
279,Odetari,ass hyperpop jerseyclub USA Trash
280,Pinegrove,indierock Alt-country seenlive indie emo
281,Pearl Jam,Grunge rock alternativerock alternative 90s
282,Ethel Cain,dreampop seenlive slowcore ethereal mother
283,Summer Walker,rnb soul Neo-Soul femalevocalists trap
284,NLE Choppa,trap rap Hip-Hop hiphop memphis
285,Boygenius,seenlive indie indiefolk indierock folk
286,Blood Orange,chillwave indie seenlive rnb alternativernb
287,Lizzy McAlpine,folk indiefolk indiepop singer-songwriter seenlive
288,Franz Ferdinand,indie indierock rock alternative seenlive
289,The Mamas & the Papas,classicrock 60s oldies rock pop
290,Alicia Keys,soul rnb femalevocalists pop singer-songwriter
291,Orion Sun,Lo-Fi indie soul rnb alternativernb
292,Quavo,rap trap Hip-Hop migos atlanta
293,Bob Dylan,folk singer-songwriter classicrock folkrock rock
294,Katseye,pop rnb k-pop GirlGroups katseye
295,Sixpence None the Richer,pop femalevocalists rock alternative christian
296,Benson Boone,pop poprock rock USA malevocalists
297,Elvis Presley,rocknroll classicrock rock oldies RockandRoll
298,Madvillain,Hip-Hop undergroundhip-hop rap hiphop mfdoom
299,Snoop Dogg,Hip-Hop rap GangstaRap hiphop westcoast
300,Billy Idol,rock 80s newwave classicrock punk
301,Måneskin,rock glamrock italian seenlive alternativerock
302,P!nk,pop poprock femalevocalists rock female
303,Mark Ronson,funk pop british Hip-Hop dj
304,Avicii,House electronic dance ProgressiveHouse electrohouse
305,Stevie Wonder,soul funk motown pop rnb
306,BROCKHAMPTON,Hip-Hop rap hiphop poprap seenlive
307,Ellie Goulding,femalevocalists electronic british indie indiepop
308,Jungle,seenlive electronic psychedelic techno jungle
309,Clean Bandit,electronic indie experimental seenlive british
310,Jid,rap Hip-Hop hiphop seenlive ConsciousHipHop
311,Disclosure,electronic seenlive UKGarage futuregarage House
312,Dr. Dre,Hip-Hop rap GangstaRap hiphop westcoast
313,Eagles,classicrock rock 70s softrock country
314,Tinashe,rnb pop soul Hip-Hop british
315,Madison Beer,pop femalevocalists rnb indie USA
316,The Alchemist,Hip-Hop rap producer hiphop dj
317,The Lumineers,folk indie folkrock american rock
318,Two Door Cinema Club,indie electronic british alternative seenlive
319,Illit,k-pop Kpop Korean pop girlgroup
320,Natasha Bedingfield,pop femalevocalists british singer-songwriter female
321,Timbaland,Hip-Hop rnb rap pop hiphop
322,Nas,Hip-Hop rap hiphop eastcoastrap newyork
323,Offset,trap Hip-Hop rap hiphop ambient
324,The Velvet Underground,rock classicrock psychedelic proto-punk alternative
325,ScHoolboy Q,Hip-Hop rap undergroundhip-hop WestCoastRap seenlive
326,TOMORROW X TOGETHER,k-pop Kpop pop Korean txt
327,Toto,rock classicrock 80s Progressiverock pop
328,Empire of the Sun,electronic synthpop australian electronica synthpop
329,Bon Jovi,rock hardrock classicrock 80s hairmetal
330,Migos,Hip-Hop trap rap hiphop atlanta
331,Joy Division,post-punk newwave 80s alternative indie
332,Destroy Lonely,opium trap rap rage Womanbeater
333,Zedd,electronic electrohouse House electro dubstep
334,G-Eazy,Hip-Hop rap hiphop seenlive LilWayne
335,Pop Smoke,drill rap trap Hip-Hop hiphop
336,Björk,electronic alternative experimental femalevocalists icelandic
337,Soundgarden,Grunge rock alternativerock alternative hardrock
338,Kiss Of Life,k-pop pop Kpop Korean rnb
339,FKA twigs,trip-hop electronic experimental dreampop artpop
340,Christina Aguilera,pop femalevocalists soul rnb dance
341,Vance Joy,folk indie singer-songwriter australian acoustic
342,Crumb,indierock indie dreampop psychedelic psychedelicpop
343,Karol G,Reggaeton pop latin latinpop Colombia
344,Cafuné,indiepop dreampop pop alternative indierock
345,Sevdaliza,electronic rnb pop spam femalevocalists
346,DJ Snake,electronic trap dance EDM french
347,ENHYPEN,k-pop Kpop Korean pop boygroup
348,STRAY KIDS,k-pop pop Kpop Korean Hip-Hop
349,Flo Milli,Hip-Hop rap trap hiphop femalevocalists
350,Akon,Hip-Hop rnb rap hiphop pop
351,Ice Cube,rap Hip-Hop GangstaRap westcoast hiphop
352,R.E.M.,rock alternativerock alternative indie seenlive
353,Swedish House Mafia,House electronic dance electrohouse electro
354,Azealia Banks,Hip-Hop rap electronic femalevocalists seenlive
355,Major Lazer,seenlive dancehall electronic reggae dub
356,The Beach Boys,classicrock 60s pop Surf rock
357,Tiësto,trance electronic dance techno electronica
358,New Order,newwave electronic post-punk 80s alternative
359,Cavetown,pop seenlive indie indiepop bedroompop
360,A$AP Ferg,Hip-Hop trap rap hiphop swag
361,No Doubt,rock pop ska alternative femalevocalists
362,Montell Fish,gospel soul Hip-Hop electronic rnb
363,Car Seat Headrest,Lo-Fi seenlive indie indierock noisepop
364,Fred again..,seenlive House electronic dance UKGarage
365,Earl Sweatshirt,Hip-Hop rap ofwgkta undergroundhip-hop swag
366,Kaytranada,seenlive electronic Hip-Hop beats experimental
367,Rammstein,industrialmetal metal industrial german rock
368,ROAR,indiepop arizona indie seenlive thrashmetal
369,M83,electronic shoegaze post-rock indie electronica
370,Richy Mitch & The Coal Miners,folk indie acoustic indiefolk indierock
371,(G)I-DLE,k-pop pop Korean Kpop girlgroup
372,Ayesha Erotica,electropop pop ghettotech electronic miamibass
373,A BOOGIE WIT DA HOODIE,rap Hip-Hop hiphop trap seenlive
374,Ive,k-pop pop Kpop femalevocalists Korean
375,Nickelback,rock alternativerock hardrock alternative Canadian
376,Blondie,newwave 80s rock femalevocalists pop
377,*NSYNC,pop boybands 90s dance seenlive
378,Duran Duran,newwave 80s pop synthpop rock
379,Gucci Mane,Hip-Hop rap trap DirtySouth hiphop
380,DJ Khaled,Hip-Hop rap hiphop miami djs
381,Her's,dreampop janglepop indie indiepop post-punk
382,Queens of the Stone Age,StonerRock rock alternativerock seenlive hardrock
383,Rage Against the Machine,rock alternativerock alternative political metal
384,Aerosmith,rock classicrock hardrock 80s 70s
385,Bob Marley & The Wailers,reggae rootsreggae ska roots classicrock
386,Jack Harlow,rap Hip-Hop trap poprap hiphop
387,alt-J,indie electronic seenlive british alternative
388,Nine Inch Nails,industrial industrialrock rock alternative electronic
389,Tyla,rnb pop rock southafrica amapiano
390,Kylie Minogue,pop dance femalevocalists australian electronic
391,Ghost,heavymetal PsychedelicRock doommetal seenlive psychedelic
392,Bill Withers,soul funk 70s rhythmandblues rnb
393,Title Fight,melodichardcore poppunk punk hardcore seenlive
394,omar apollo,rnb seenlive soul indie funk
395,Kelly Clarkson,pop femalevocalists poprock rock KellyClarkson
396,Caroline Polachek,seenlive artpop electronic pop synthpop
397,Dire Straits,classicrock rock 80s blues guitar
398,wave to earth,Korean indierock k-indie noskips indie
399,Jhené Aiko,rnb soul pop femalevocalists r&b
400,My Bloody Valentine,shoegaze dreampop indie alternative indierock
401,Destiny's Child,rnb pop femalevocalists soul Hip-Hop
402,Bladee,cloudrap drain Hip-Hop trap hiphop
403,Electric Light Orchestra,classicrock Progressiverock rock 70s british
404,Reneé Rapp,seenlive pop USA american rnb
405,a-ha,80s pop newwave norwegian synthpop
406,Ne-Yo,rnb soul Hip-Hop Ne-Yo pop
407,Beach Weather,indie indierock seenlive USA american
408,Ricky Montgomery,indie indiepop seenlive pop indierock
409,Rae Sremmurd,Hip-Hop rap hiphop trap seenlive
410,ICE SPICE,rap drill Hip-Hop trap grah
411,Justice,electronic electro french dance seenlive
412,Declan Mckenna,seenlive indiepop indierock indie electronic
413,Beach Bunny,indierock indiepop indie seenlive powerpop
414,TLC,rnb Hip-Hop femalevocalists pop soul
415,Sublime,ska reggae punk rock alternative
416,Yot Club,Lo-Fi indie dreampop indiepop shoegaze
417,Jimi Hendrix,classicrock rock blues psychedelic guitar
418,Royel Otis,indiepop seenlive indierock Lo-Fi dreampop
419,JVKE,indiepop pop indie USA cute
420,Gotye,indie electronic alternative australian Aussie
421,Ms. Lauryn Hill,soul rnb Hip-Hop hiphop Neo-Soul
422,Isaiah Rashad,Hip-Hop rap hiphop undergroundhip-hop seenlive
423,SKI MASK THE SLUMP GOD,Hip-Hop trap rap seenlive florida
424,Panchiko,shoegaze indierock Lo-Fi dreampop noise
425,George Michael,pop 80s soul british dance
426,Liana Flores,indiepop folkpop singer-songwriter acoustic bedroompop
427,Jason Derulo,rnb pop malevocalists urban JasonDerulo
428,Anitta,pop brazilian funk dance femalevocalists
429,Big Sean,Hip-Hop rap hiphop goodmusic bigsean
430,Paul McCartney,classicrock rock british singer-songwriter pop
431,Metric,indie indierock femalevocalists Canadian alternative
432,Train,rock alternativerock alternative pop indie
433,Keane,britpop indie alternative british rock
434,Tom Odell,indie seenlive folk british singer-songwriter
435,Avenged Sevenfold,metalcore metal hardrock hardcore rock
436,John Lennon,classicrock rock singer-songwriter british pop
437,Keshi,Lo-Fi rnb alternative alternativerock seenlive
438,All Time Low,poppunk rock powerpop seenlive emo
439,The Black Keys,bluesrock blues rock indie indierock
440,sign crushes motorist,slowcore Lo-Fi indie alternative irish
441,Raye,pop rnb seenlive british femalevocalists
442,A Tribe Called Quest,Hip-Hop rap hiphop JazzHop funk
443,Yung Lean,Hip-Hop cloudrap sad based realrecognizerealandthisniggatherealest
444,Simon & Garfunkel,folk classicrock singer-songwriter acoustic rock
445,Machine Girl,breakcore digitalhardcore electronic idm Drumandbass
446,Jennifer Lopez,pop latin rnb femalevocalists dance
447,Lykke Li,indiepop femalevocalists swedish electronic pop
448,Daddy Yankee,Reggaeton latin Hip-Hop spanish rap
449,Wiz Khalifa,Hip-Hop rap undergroundhip-hop hiphop seenlive
450,Wham!,pop 80s british newwave dance
451,Vampire Weekend,indie indierock indiepop seenlive alternative
452,Sean Paul,dancehall reggae Hip-Hop rnb rap
453,Pavement,indie indierock Lo-Fi alternative rock
454,Fugazi,post-hardcore punk indie hardcore indierock
455,Journey,classicrock rock 80s hardrock Progressiverock
456,Falling in Reverse,post-hardcore screamo rock hardcore ronnieradke
457,Sonder,rnb soul alternativernb electronic emo
458,Lauv,pop indiepop indie american jazz
459,M.I.A.,Hip-Hop electronic femalevocalists dance indie
460,Central Cee,rap drill Hip-Hop hiphop UKDrill
461,Bruce Springsteen,rock classicrock singer-songwriter 80s folk
462,Thee Sacred Souls,soul rnb seenlive funk USA
463,U2,rock classicrock irish pop alternative
464,The Script,poprock irish rock pop acoustic
465,Aurora,trance MelodicDeathMetal seenlive dance indiepop
466,Lamp,japanese BossaNova jazz shibuya-kei indie
467,Noah Cyrus,pop femalevocalists Disney dance betterthanselenagomez
468,Fergie,pop rnb femalevocalists Hip-Hop dance
469,alex_g_offline,USA Unreleased stolen
470,J Balvin,mierda BrutalDeathMetal shit blackmetal Reggaeton
471,Stephen Sanchez,folk singer-songwriter indiepop folkpop indie
472,Sum 41,punkrock punk poppunk rock alternative
473,Kygo,electronic House chillout tropicalhouse downtempo
474,Patrick Watson,indie singer-songwriter seenlive folk Canadian
475,B.o.B,Hip-Hop rap hiphop DirtySouth atlanta
476,Polo G,rap Hip-Hop trap hiphop american
477,Massive Attack,trip-hop electronic chillout downtempo electronica
478,Sophie,bubblegumbass electronic eurobeat seenlive experimental
479,Rich Amiri,plugg rap trap rage pluggnb
480,Bakar,frenchrap hiphop Frenchhiphop Hip-Hop rap
481,Alice Phoebe Lou,singer-songwriter folk seenlive southafrica jazz
482,The Sundays,dreampop femalevocalists indie alternative 90s
483,Jessie J,pop british femalevocalists rnb singer-songwriter
484,Seventeen,k-pop pop Kpop rock powerpop
485,Father John Misty,seenlive folk indie indiefolk Alt-country
486,America,classicrock rock 70s softrock folk
487,Skrillex,dubstep electronic breakcore electro electronica
488,Hole,Grunge femalevocalists rock alternative alternativerock
489,Fontaines D.C.,post-punk Crankwave seenlive indierock irish
490,Selena Gomez & the Scene,pop femalevocalists poprock Disney SelenaGomez
491,Aaron May,hiphop rap IndieHipHop texas undergroundhiphop
492,Teddy Swims,soul singer-songwriter rnb Neo-Soul pop
493,Fog Lake,dreampop Lo-Fi slowcore ambient indiepop
494,Zara Larsson,pop swedish femalevocalists seenlive indie
495,MGK,rap Hip-Hop hiphop Cleveland poppunk
496,Whitney Houston,pop femalevocalists soul rnb 80s
497,jimin,k-pop jimin Korean pop Kpop
498,Weyes Blood,seenlive artpop folk psychedelicfolk baroquepop
499,Prince,funk pop soul 80s rock
500,Vundabar,indierock surfrock GarageRock seenlive indie
501,Isabel LaRosa,pop hyperpop electropop femalevocalists USA
502,Dave,rap Grime french Hip-Hop hiphop
503,Rob Zombie,industrialmetal metal industrial hardrock rock
504,Vince Staples,Hip-Hop rap seenlive undergroundhip-hop hiphop
505,"Dream, Ivory",dreampop shoegaze Lo-Fi indie indierock
506,Disturbed,metal NuMetal hardrock rock alternative
507,Fitz and the Tantrums,soul pop seenlive indie funk
508,Roddy Ricch,Hip-Hop rap trap american hiphop
509,Kehlani,rnb soul pop seenlive Hip-Hop
510,Itzy,k-pop Kpop pop Korean girlgroup
511,Lily Allen,pop femalevocalists british britpop singer-songwriter
512,Johnny Cash,country folk singer-songwriter classicrock rock
513,Portishead,trip-hop electronic femalevocalists chillout triphop
514,Diplo,electronic Hip-Hop seenlive trip-hop ninjatune
515,The Living Tombstone,electronic brony dubstep mlp rock
516,The Last Dinner Party,seenlive indierock glamrock alternative baroquepop
517,Logic,Hip-Hop rap hiphop biracial electronic
518,French Montana,Hip-Hop rap hiphop trap shittyanalgaycore
519,The Dare,Electroclash newrave electronic dance-punk dancepunk
520,Giveon,rnb Neo-Soul soul contemporaryrnb pop
521,Glorilla,rap Hip-Hop hiphop memphis trap
522,Backstreet Boys,pop boybands 90s backstreetboys seenlive
523,C418,ambient electronic minecraft idm chill
524,Jimmy Eat World,rock alternative emo alternativerock seenlive
525,Dayglow,indie indiepop seenlive alternative indierock
526,Nelly,Hip-Hop rap rnb hiphop Nelly
527,Little Mix,pop british femalevocalists GirlGroups dance
528,Kiss,hardrock classicrock glamrock rock 80s
529,George Harrison,classicrock rock singer-songwriter british pop
530,Macklemore & Ryan Lewis,Hip-Hop rap seenlive undergroundhip-hop undergroundrap
531,Blackbear,electronic pop rnb Hip-Hop hiphop
532,Beastie Boys,Hip-Hop rap alternative hiphop seenlive
533,Mike Posner,rnb Hip-Hop pop electrohop rap
534,Fifty Fifty,k-pop pop Korean Kpop girlgroup
535,Papa Roach,rock NuMetal alternativerock alternative metal
536,Bastille,indie electronic alternative seenlive british
537,Freddie Gibbs,Hip-Hop rap GangstaRap undergroundhip-hop seenlive
538,Dolly Parton,country femalevocalists singer-songwriter bluegrass folk
539,The Fray,alternative rock pianorock alternativerock indie
540,Doechii,rap pop rnb Hip-Hop hiphop
541,Mustard,rap hiphop trap Hip-Hop rnb
542,Cyndi Lauper,pop 80s femalevocalists newwave rock
543,FINNEAS,indiepop alternative singer-songwriter indie pop
544,XG,k-pop Hip-Hop pop japanese rnb
545,Joey Valence & Brae,hiphop breakbeat rap Hip-Hop seenlive
546,Joy Again,USA softrock GarageRock seenlive indie
547,Meek Mill,Hip-Hop rap hiphop trap Philly
548,The Pussycat Dolls,pop rnb dance femalevocalists Hip-Hop
549,ksi,rap Hip-Hop Grime hiphop pop
550,BigXthaPlug,Hip-Hop rap texas southernrap dallas
551,John Mayer,singer-songwriter acoustic rock pop AcousticRock
552,Flume,electronic chillout seenlive instrumentalhip-hop australian
553,Neutral Milk Hotel,indie indierock folk Lo-Fi Elephant6
554,Grouplove,indie indierock indiepop alternative rock
555,Exo,k-pop Korean exo Kpop pop
556,Beck,alternative indie rock singer-songwriter indierock
557,Lynyrd Skynyrd,classicrock SouthernRock rock hardrock 70s
558,Ava Max,pop electropop femalevocalists american electronic
559,Sleeping with Sirens,post-hardcore screamo emocore experimental hardcore
560,Meghan Trainor,pop femalevocalists soul american jazz
561,Key Glock,trap Hip-Hop rap hiphop memphis
562,Phil Collins,pop 80s rock classicrock softrock
563,Jim Croce,folk singer-songwriter classicrock 70s rock
564,Ian,trap heavymetal seenlive ass Trash
565,Westside Gunn,rap Hip-Hop hiphop boombap newyork
566,Pantera,thrashmetal metal groovemetal heavymetal Powermetal
567,Ashnikko,Hip-Hop electronic electropop pop rap
568,Young Nudy,rap trap Hip-Hop hiphop GangstaRap
569,Kim Petras,pop german electropop femalevocalists electronic
570,Sonic Youth,alternative experimental post-punk indie seenlive
571,Icona Pop,electronic electropop swedish pop synthpop
572,The All-American Rejects,rock alternative poppunk emo punk
573,Shelly,Lo-Fi indiepop dreampop indie pop
574,Nayeon,k-pop betterthanselenagomez pop femalevocalists twice
575,James Arthur,pop british indie acoustic Xfactor
576,Etta James,blues jazz soul femalevocalists rhythmandblues
577,Tay-K,trap rap plugg Hip-Hop GangstaRap
578,Neon Trees,indie indierock alternative alternativerock pop
579,Erykah Badu,soul Neo-Soul femalevocalists rnb jazz
580,Hans Zimmer,Soundtrack instrumental Classical composer Soundtracks
581,The Ronettes,60s pop soul oldies motown
582,Arcade Fire,indierock indie alternative Canadian seenlive
583,Thirty Seconds to Mars,alternativerock rock alternative emo indie
584,Gesaffelstein,techno electronic electro techhouse seenlive
585,Rina Sawayama,pop rnb electropop japanese seenlive
586,Basement,melodichardcore hardcore hardcorepunk UKHC modernhardcore
587,Internet Money,rap Hip-Hop hiphop trap emorap
588,Alec Benjamin,pop indiepop american seenlive indie
589,Eve,Hip-Hop rap hiphop femalevocalists rnb
590,Iron Maiden,heavymetal metal NWOBHM seenlive hardrock
591,Jennie,k-pop Kpop Korean blackpink pop
592,GoldLink,electronic rap Hip-Hop hiphop rnb
593,Soft Cell,newwave 80s synthpop electronic synthpop
594,Modern Baseball,emo poppunk indie punk indierock
595,Remi Wolf,seenlive indiepop pop soul Neo-Soul
596,Steely Dan,classicrock JazzRock rock 70s jazz
597,Tally Hall,indie alternative seenlive wonky rock
598,Lil Durk,rap Hip-Hop drill trap hiphop
599,NMixx,k-pop Kpop pop Korean girlgroup
600,Jamiroquai,funk acidjazz electronic dance pop
601,Dr. Dog,seenlive indie indierock Lo-Fi alternative
602,Niall Horan,pop irish folk onedirection seenlive
603,100 gecs,hyperpop bubblegumbass electronic experimental seenlive
604,Aminé,rap Hip-Hop hiphop trap seenlive
605,Steven Universe,Soundtrack cartoon musical tvshow jazz
606,Estelle,rnb soul femalevocalists Hip-Hop british
607,Chris Isaak,rock singer-songwriter blues pop 80s
608,League of Legends,Soundtrack GameMusic videogamemusic instrumental videogamesoundtrack
609,Jamie xx,electronic dubstep futuregarage seenlive UKGarage
610,Death Grips,Hip-Hop experimental experimentalrap rap experimentalhip-hop
611,Jeremih,rnb Hip-Hop soul chicago r&b
612,Toby Fox,Soundtrack videogamemusic chiptune undertale electronic
613,Lewis Capaldi,pop seenlive poprock alternative singer-songwriter
614,IU,k-pop Korean femalevocalists Kpop iu
615,Bad Omens,metalcore post-hardcore alternativemetal metal seenlive
616,Martin Garrix,House electronic dance seenlive electropop
617,Victoria Monét,rnb soul Hip-Hop rap femalevocalists
618,Cochise,rock trap Grunge rap krautrock
619,The Kinks,classicrock 60s rock british britishinvasion
620,Still Woozy,bedroompop Lo-Fi indie indietronica indiepop
621,Xavier Wulf,cloudrap Hip-Hop rap truth trap
622,Crowded House,rock pop 80s australian NewZealand
623,The Backseat Lovers,indierock seenlive rock alternative alternativerock
624,YoungBoy Never Broke Again,rap trap Hip-Hop hiphop GangstaRap
625,Mindless Self Indulgence,industrial industrialjunglepussypunk punk electronic alternative
626,Mareux,darkwave synthpop electronic coldwave chillwave
627,Slayer,thrashmetal metal seenlive speedmetal heavymetal
628,Gym Class Heroes,Hip-Hop indie alternative seenlive rap
629,Alvvays,dreampop indiepop seenlive indie Lo-Fi
630,Incubus,alternativerock rock alternative seenlive indie
631,Type O Negative,GothicMetal doommetal metal Gothic GothicRock
632,ATEEZ,k-pop pop seenlive Korean Kpop
633,Tool,Progressivemetal Progressiverock metal alternative rock
634,NCT 127,k-pop Kpop Korean NCT pop
635,bbno$,rap hiphop Hip-Hop seenlive canada
636,Rauw Alejandro,Reggaeton sexy dance malevocalists latin
637,Modest Mouse,indie indierock alternative rock seenlive
638,Wisp,idm electronic ambient experimental electronica
639,Shaboozey,country rap pop Hip-Hop seenlive
640,Iggy Azalea,Hip-Hop rap pop hiphop australia
641,DaBaby,Hip-Hop rap trap hiphop american
642,Sean Kingston,rnb Hip-Hop reggae pop hiphop
643,Jorja Smith,rnb seenlive soul pop Neo-Soul
644,Kids See Ghosts,Hip-Hop rap hiphop poprap KanyeWest
645,Snow Strippers,Electroclash electropop witchhouse electronic newrave
646,Superheaven,Grunge post-grunge alternativerock rock alternative
647,Alan Walker,electronic House EDM dance norwegian
648,Solange,rnb soul pop femalevocalists Hip-Hop
649,Soulja Boy,Hip-Hop rap Crunk hiphop snapmusic
650,Ramones,punk punkrock rock 70s classicrock
651,fun.,indiepop indie alternative pop rock
652,Men at Work,80s newwave rock australian pop
653,Poppy,pop NuMetal metal electropop electronic
654,Ozzy Osbourne,heavymetal hardrock metal classicrock rock
655,Young the Giant,indierock indie rock american seenlive
656,Air,electronic chillout ambient french electronica
657,Don Omar,Reggaeton latin Hip-Hop spanish latino
658,Jack Johnson,acoustic singer-songwriter chill alternative rock
659,King Von,drill Hip-Hop rap chicago GangstaRap
660,BØRNS,seenlive pop indiepop indie folk
661,Alphaville,80s newwave synthpop pop synthpop
662,STAYC,STAYC k-pop Kpop Korean pop
663,yoasobi,j-pop japanese japan poprock electropop
664,Santana,rock classicrock latin guitar blues
665,Nina Simone,jazz soul femalevocalists blues vocaljazz
666,Macabre Plaza,midi instrumental newwave lounge vadavada
667,Blue Öyster Cult,classicrock hardrock rock Progressiverock heavymetal
668,Van Morrison,classicrock singer-songwriter folk rock blues
669,Japanese Breakfast,dreampop seenlive indiepop indie indierock
670,Boldy James,rap Hip-Hop detroit hiphop GangstaRap
671,Fetty Wap,Hip-Hop rap trap rnb hiphop
672,FloyyMenor,Reggaeton reggaetonchileno chile LPF malianteo
673,Milky Chance,indie seenlive indierock reggae german
674,Nick Drake,folk singer-songwriter acoustic indie Mellow
675,Pet Shop Boys,synthpop 80s pop electronic newwave
676,Fleet Foxes,folk indie folkrock indierock seenlive
677,King Geedorah,Hip-Hop undergroundhip-hop mfdoom hiphop rap
678,The La's,britpop indie british rock indierock
679,amaarae,rnb afrobeats ghana alternativernb pop
680,Tee Grizzley,Hip-Hop rap trap detroit GangstaRap
681,Van Halen,hardrock classicrock rock 80s heavymetal
682,Slow Pulp,dreampop shoegaze indiepop Lo-Fi seenlive
683,Keyshia Cole,rnb soul femalevocalists keyshiacole Hip-Hop
684,Skillet,christianrock alternativerock rock alternative christian
685,NF,Hip-Hop rap hiphop christian rnb
686,Kavinsky,electronic electro french dance edbanger
687,Megadeth,thrashmetal heavymetal metal speedmetal seenlive
688,Novo Amor,folk indie acoustic british indiefolk
689,Chance the Rapper,Hip-Hop rap hiphop seenlive chicago
690,The Kooks,indie indierock british britpop seenlive
691,The Japanese House,electronic indiepop dreampop seenlive indie
692,Girls' Generation,k-pop Korean pop Kpop girlband
693,Sophie Ellis-Bextor,pop dance femalevocalists british electronic
694,Peso Pluma,Reggaeton mexico Corridostumbados corridotumbado corridosbelicos
695,Of Monsters and Men,indie folk indiepop icelandic seenlive
696,Neil Young,classicrock singer-songwriter rock folk folkrock
697,Gregory Alan Isakov,folk singer-songwriter acoustic americana seenlive
698,Ciara,rnb Hip-Hop pop femalevocalists dance
699,Siouxsie and the Banshees,post-punk newwave 80s Gothic goth
700,Phoenix,indie french indiepop seenlive electronic
701,Frankie Valli,oldies 60s classicrock swing jazz
702,Creed,rock alternativerock hardrock alternative Grunge
703,Lucy Dacus,seenlive indie singer-songwriter indierock folk
704,Rainbow Kitten Surprise,indie indierock alternative indiepop alternativerock
705,Phantogram,trip-hop electronic indie experimental seenlive
706,The Front Bottoms,seenlive acoustic folk indie indierock
707,Cassie,rnb femalevocalists pop Hip-Hop dance
708,The Drums,indie indierock indiepop surfrock seenlive
709,Øneheart,ambient electronic chillout russian wave
710,Nujabes,Hip-Hop japanese JazzHop chillout trip-hop
711,Pusha T,Hip-Hop rap hiphop seenlive EastCoast
712,V,pop seenlive MelodicDeathMetal boybands Post-Metal
713,Aaliyah,rnb soul femalevocalists Hip-Hop pop
714,Bones,cloudrap Hip-Hop sesh deathmetal rap
715,Interpol,indie indierock post-punk seenlive alternative
716,Charlie Brown JR.,rock brazilianrock brazilian poprock pop
717,Sexyy Red,trap rap Hip-Hop hiphop queenofrap
718,American Football,emo indie mathrock indierock midwestemo
719,Imogen Heap,femalevocalists indie electronic singer-songwriter alternative
720,Walk the Moon,indierock indie indiepop seenlive american
721,Jay Rock,Hip-Hop rap GangstaRap westcoast WestCoastRap
722,Luísa Sonza,racista pop funk brazilian brazil
723,Bo Burnham,comedy acoustic piano youtube ComedyRock
724,Peach Pit,mathrock seenlive indiepop indie indierock
725,Molchat Doma,post-punk coldwave newwave seenlive synthpop
726,NAV,blackmetal Hip-Hop trap rap canada
727,Julie,shoegaze noisepop danish pop noiserock
728,Capital Cities,electronic indie electropop pop rock
729,Spice Girls,pop 90s femalevocalists british dance
730,Owl City,electronic indie powerpop electronica cute
731,Eurythmics,80s newwave pop femalevocalists synthpop
732,Pastel Ghost,synthpop dreamwave electronic witchhouse chillwave
733,Loona,pop femalevocalists dance k-pop spanish
734,Ashe,indiepop Gothic pop metal electronic
735,Rise Against,punkrock punk melodichardcore hardcore seenlive
736,Yves Tumor,experimental ambient Neo-Psychedelia seenlive hypnagogicpop
737,Bizarrap,rap argentina trap latin electronic
738,Wu-Tang Clan,Hip-Hop rap hiphop wu-tang newyork
739,Flyleaf,alternativerock femalevocalists rock alternative hardrock
740,Jordan Adetunji,trap Hip-Hop electronic hiphop rap
741,King Krule,indie experimental Lo-Fi seenlive chillout
742,Ty Dolla $ign,Hip-Hop rap rnb hiphop cloudrnb
743,Cuco,experimental dreampop indiepop rnb seenlive
744,Misfits,horrorpunk punk punkrock hardcorepunk hardcore
745,David Kushner,indie alternative singer-songwriter pop folk
746,Le Tigre,indie electronic riotgrrrl femalevocalists alternative
747,Stone Temple Pilots,Grunge rock alternativerock alternative 90s
748,The Paper Kites,folk indie australian indiefolk acoustic
749,Luke Combs,country contemporarycountry seenlive americana malevocalists
750,Audioslave,rock alternativerock hardrock alternative Grunge
751,Sir Chloe,GarageRock indierock alternative seenlive indie
752,Freddie Dredd,phonk rap Hip-Hop trap hiphop
753,Bibi,k-pop j-pop pop japanese rnb
754,Agust D,rap Hip-Hop Korean hiphop bts
755,Morgan Wallen,country racist countrypop thevoice contemporarycountry
756,Lenny Kravitz,rock funk alternative pop alternativerock
757,Scorpions,hardrock classicrock rock heavymetal 80s
758,Sleep Token,Progressivemetal alternativemetal Progressiverock DJENT seenlive
759,Matuê,seenlive rap experimental brazil brazilian
760,Breaking Benjamin,alternativerock rock hardrock alternative metal
761,Have a Nice Life,shoegaze post-rock drone experimental ambient
762,Niki,pop rnb vocaloid estonian Eesti
763,Jonas Brothers,pop poprock Disney rock poppunk
764,Dean Blunt,experimental Lo-Fi dub Avant-Garde seenlive
765,YNW Melly,trap rap Hip-Hop rnb florida
766,Dreamville,rap Hip-Hop hiphop jazzrap ConsciousHipHop
767,Dove Cameron,pop Disney betterthanselenagomez femalevocalists american
768,Sir Mix-A-Lot,rap Hip-Hop hiphop oldschool 90s
769,Wonder Girls,k-pop Korean femalevocalists Kpop WonderGirls
770,FROMIS_9,k-pop Korean pop Kpop girlgroup
771,Leith Ross,folk seenlive indiepop singer-songwriter acoustic
772,The National,seenlive indierock indie alternative rock
773,Dusty Springfield,soul femalevocalists 60s pop oldies
774,Frédéric Chopin,Classical piano romantic instrumental polish
775,Hanumankind,rap Hip-Hop india
776,JackBoys,rap trap Hip-Hop hiphop ambient
777,Khruangbin,funk seenlive psychedelic PsychedelicRock rock
778,Mumford & Sons,folk indie british acoustic seenlive
779,Lizzo,seenlive Hip-Hop rnb pop rap
780,Michael Bublé,jazz swing easylistening pop Canadian
781,RM,k-pop Hip-Hop rap Korean industrial
782,The Game,rap Hip-Hop GangstaRap westcoast hiphop
783,Tim Maia,soul mpb funk brazilian brasil
784,Manchester Orchestra,indierock seenlive indie alternative rock
785,Sky Ferreira,pop electropop electronic femalevocalist femalevocalists
786,Pyotr Ilyich Tchaikovsky,Classical romantic russian composers instrumental
787,The Internet,soul Hip-Hop rnb ofwgkta indie
788,John + Jane Q. Public,discweekly
789,She Wants Revenge,post-punk indie alternative newwave darkwave
790,Novulent,shoegaze emo USA nugaze grungegaze
791,The Verve,britpop rock alternative indie british
792,Taio Cruz,rnb pop Hip-Hop soul taiocruz
793,Coco & Clair Clair,cloudrap pop Lo-Fi electronic american
794,Lost Frequencies,electronic deephouse dance House belgian
795,J-Hope,k-pop Hip-Hop rap Korean bts
796,Marilyn Manson,industrial industrialmetal metal rock alternative
797,Oliver Tree,electronic Hip-Hop electropop indiepop pop
798,The Rare Occasions,indie alternativerock alternative indierock rock
799,Wolf Alice,seenlive indierock indie british alternativerock
800,Death Cab for Cutie,indie indierock alternative seenlive rock
801,Loathe,metalcore alternativemetal DJENT ProgressiveMetalcore shoegaze
802,4batz,rap rnb Hip-Hop soul hiphop
803,Benny Blanco,pop electronic hiphop dnb Hip-Hop
804,SYML,indie indiepop dreampop pop seenlive
805,Mr.kitty,synthpop electronic 8-bit newwave chiptune
806,The Who,classicrock rock british 60s hardrock
807,will.i.am,Hip-Hop rap rnb funk hiphop
808,Alok,electronic brazilian dance EDM House
809,BABYMETAL,kawaiimetal metal japanese j-pop SlammingBrutalDeathMetal
810,Aretha Franklin,soul femalevocalists jazz blues rhythmandblues
811,lil tjay,rap Hip-Hop trap MelodicRap drill
812,Frou Frou,indie electronic femalevocalists alternative electronica
813,Chet Baker,jazz trumpet cooljazz vocaljazz blues
814,DANGERDOOM,Hip-Hop undergroundhip-hop rap hiphop mfdoom
815,Heart,classicrock rock femalevocalists 80s hardrock
816,LCD Soundsystem,electronic indie seenlive dance electronica
817,Rita Lee,mpb rock brazilian femalevocalists brasil
818,H.E.R.,rnb soul pop seenlive alternativernb
819,ECCO2k,cloudrap artpop alternativernb ambientpop drain
820,blue smiley,shoegaze indierock noisepop slackerrock indie
821,Supertramp,classicrock Progressiverock rock 70s pop
822,Coolio,rap Hip-Hop hiphop 90s WestCoastRap
823,Far East Movement,Hip-Hop electronic electrohop rap hiphop
824,bazzi,rnb pop american Hip-Hop singer-songwriter
825,Rio Romeo,indie USA cabaret queer nonbinary
826,The xx,indie electronic british post-punk seenlive
827,Modjo,House dance electronic french pop
828,Grouper,ambient drone experimental shoegaze darkambient
829,Boards of Canada,ambient electronic idm electronica chillout
830,Jorge Ben Jor,mpb brazilian samba BossaNova brasil
831,Nat King Cole,jazz swing blues oldies jazzvocal
832,Jack Stauber's Micropop,experimental pop synthpop hypnagogicpop bedroompop
833,Mary J. Blige,rnb soul femalevocalists Hip-Hop urban
834,Djavan,mpb brasil brazilian BossaNova brazil
835,Joe Hisaishi,Soundtrack japanese instrumental anime Classical
836,Simple Plan,poppunk rock punkrock punk emo
837,The Animals,classicrock 60s rock british oldies
838,Wheatus,rock alternative alternativerock pop indie
839,I DONT KNOW HOW BUT THEY FOUND ME,synthpop alternativerock indiepop indie indierock
840,berlioz,Classical romantic french composers opera
841,Role Model,8-bit chiptune electronic 8bit bitpop
842,Cascada,dance trance techno pop femalevocalists
843,Mötley Crüe,hardrock heavymetal hairmetal 80s rock
844,Bryan Adams,rock classicrock 80s pop Canadian
845,Ichiko Aoba,folk singer-songwriter japanese chamberfolk contemporaryfolk
846,Claude Debussy,Classical piano Impressionist french composers
847,Snow Patrol,indie alternative rock indierock britpop
848,King Gizzard & The Lizard Wizard,PsychedelicRock GarageRock seenlive psychedelic australian
849,Otis Redding,soul rhythmandblues blues 60s oldies
850,Becky G,pop rap femalevocalists Hip-Hop latin
851,Kenya Grace,rnb electronic pop Drumandbass dnb
852,Modern Talking,80s Disco pop dance german
853,The Outfield,80s rock classicrock pop british
854,Fifth Harmony,pop femalevocalists american Xfactor rnb
855,t.A.T.u.,pop russian femalevocalists electronic dance
856,Nick Cave & The Bad Seeds,post-punk rock alternative alternativerock singer-songwriter
857,Midrift,shoegaze slowcore post-hardcore grungegaze Lo-FiIndie
858,Alessia Cara,pop soul rnb Canadian femalevocalists
859,Nessa Barrett,pop electronic poprock alternative femalevocalists
860,Fugees,Hip-Hop rap soul hiphop rnb
861,James Blake,electronic dubstep experimental downtempo seenlive
862,masego,rnb jazz soul electronic seenlive
863,Feid,Reggaeton Colombia latin seenlive colombian
864,The Garden,post-punk seenlive artpunk ExperimentalRock punk
865,Russ,Hip-Hop rap rnb hiphop USA
866,"Black Country, New Road",post-punk post-rock Crankwave indierock seenlive
867,Louis Armstrong,jazz blues swing trumpet oldies
868,Porter Robinson,electrohouse electronic dubstep House electro
869,Enrique Iglesias,pop latin spanish dance latinpop
870,Diddy,Hip-Hop rap rnb hiphop diddy
871,Kero Kero Bonito,electropop pop noisepop indiepop synthpop
872,A Day to Remember,post-hardcore hardcore poppunk screamo emocore
873,Stevie Nicks,femalevocalists classicrock rock singer-songwriter 80s
874,Yungblud,indierock indie british seenlive rock
875,Johann Sebastian Bach,Classical baroque instrumental composers german
876,Dhruv,jazz jazzfusion Indian world guitar
877,Chance Peña,folk singer-songwriter onsomedarkshit USA texas
878,3 Doors Down,rock alternativerock alternative hardrock 3DoorsDown
879,DNCE,pop poprock dance funk american
880,SHINee,k-pop Korean shinee Kpop pop
881,Bonnie Tyler,80s pop femalevocalists rock classicrock
882,Jack Stauber,indiepop hypnagogicpop zolo synthpop psychedelicpop
883,Stromae,electronic dance belgian french electronica
884,Metronomy,electronic seenlive newrave experimental electro
885,T-Pain,rnb Hip-Hop rap hiphop DirtySouth
886,Ray Charles,jazz soul blues rhythmandblues piano
887,Anderson .Paak,soul Hip-Hop seenlive rnb Neo-Soul
888,Jaden,Hip-Hop rap seenlive trap rnb
889,Portugal. The Man,experimental indie seenlive indierock Progressive
890,Hoobastank,rock alternativerock alternative punkrock punk
891,Ado,j-pop japanese electro pop utaite
892,Creepy Nuts,japanese Hip-Hop j-pop pop Asian
893,Galantis,House electronic pop dance swedish
894,BABYMONSTER,electronic indie pop alternative indietronica
895,Lou Reed,rock classicrock singer-songwriter glamrock proto-punk
896,Free Nationals,soul funk Neo-Soul alternativernb losangeles
897,Gojira,deathmetal Progressivemetal progressivedeathmetal seenlive metal
898,Counting Crows,rock alternative alternativerock 90s seenlive
899,NCT DREAM,k-pop Korean NCT nctdream pop
900,Sweet Trip,shoegaze idm electronic indiepop dreampop
901,Haley Heynderickx,folk singer-songwriter indiefolk seenlive indie
902,Redbone,classicrock 70s rock funk oldies
903,6arelyhuman,scenecore american Scene electronic pop
904,Motionless in White,metalcore post-hardcore screamo hardcore metal
905,Tyler Childers,country americana folk singer-songwriter american
906,Elley Duhé,pop rnb electronic femalevocalists american
907,Mike,rap Hip-Hop Lo-Fi experimentalhiphop abstracthip-hop
908,Summrs,pluggnb plugg trap rap goat
909,Moby,electronic ambient chillout alternative electronica
910,Mk.gee,electronic indie indiepop funk rnb
911,juju<3,indie indiepop dreampop USA bedroompop
912,nettspend,cloudrap ass Trash trap Jerk
913,Kenshi Yonezu,japanese j-pop J-rock niconico malevocalists
914,Bronski Beat,newwave 80s synthpop synthpop pop
915,Chris Stapleton,country americana singer-songwriter folk bluegrass
916,The Temptations,soul motown funk oldies rnb
917,John Legend,soul rnb Neo-Soul singer-songwriter Hip-Hop
918,LiNikEr,soul mpb blackmusic seenlive brazilian
919,Kacey Musgraves,country femalevocalists singer-songwriter seenlive pop
920,Jade,Drumandbass neurofunk rnb femalevocalists DrumnBass
921,Ludwig van Beethoven,Classical instrumental composers romantic classic
922,Jawny,Lo-Fi indie pop alternative indiepop
923,AJR,seenlive indiepop pop indie newyork
924,Yehezkel Raz,ambient instrumental minimal Israel electronic
925,George Ezra,indie folk singer-songwriter british seenlive
926,Broadcast,electronic indie indiepop electronica alternative
927,Seether,rock alternativerock hardrock Grunge alternative
928,3OH!3,electronic Hip-Hop electronica Crunk rap
929,Maggie Rogers,indiepop seenlive pop folk singer-songwriter
930,Michael Cera,Lo-Fi folk indie alternative indiefolk
931,$NOT,rap Hip-Hop cloudrap trap hiphop
932,Kansas,classicrock Progressiverock rock 70s hardrock
933,Saint Motel,indie indierock seenlive indiepop american
934,Smash Mouth,rock alternative alternativerock ska pop
935,Stan Getz,jazz BossaNova saxophone latinjazz latin
936,Smino,rap Hip-Hop rnb hiphop seenlive
937,Good Charlotte,punkrock poppunk rock punk alternative
938,Tyga,Hip-Hop rap hiphop tyga youngmoney
939,JaeHyun,Korean NCT pop dance k-pop
940,Adi Oasis,funk rnb femalevocalists jazz pop
941,ShyGirl,electronic Grime ukbass experimental DeconstructedClub
942,ruth b.,pop rnb canada piano femalevocalists
943,SLEEPY HALLOW,rap trap eastcoastrap hiphop nycrap
944,mikeeysmind,trap alternative rap producer rage
945,ThxSoMch,rap post-punk Hip-Hop canada Lo-Fi
946,Chico Buarque,mpb BossaNova brazilian samba brasil
947,Foreigner,classicrock rock 80s hardrock pop
948,DPR IAN,Korean seenlive rnb k-pop k-rnb
949,Ella Fitzgerald,jazz femalevocalists blues swing jazzvocal
950,Paperboy Fabe,electronic soul rnb UnitedStates
951,Dean Martin,jazz swing oldies easylistening lounge
952,Set It Off,poppunk powerpop seenlive rock alternative
953,Homixide Gang,trap rage opium rap GangstaRap
954,The Shins,indie indierock indiepop alternative seenlive
955,Maluma,mierda BrutalDeathMetal blackmetal shit metal
956,Erik Satie,Classical piano Impressionist french composers
957,KanKan,Womanbeater trap pluggnb plugg cloudrap
958,Jason Mraz,singer-songwriter acoustic pop alternative rock
959,Tracy Chapman,femalevocalists singer-songwriter folk soul acoustic
960,Cordae,rap trap Hip-Hop hiphop american
961,Carly Simon,femalevocalists pop singer-songwriter 70s rock
962,kanii,electronic Drumandbass seenlive dance-pop House
963,Mobb Deep,Hip-Hop rap GangstaRap hiphop newyork
964,Chezile,chillout indie pop chill alternative
965,The Prodigy,electronic techno industrial dance seenlive
966,Glee Cast,musical Soundtrack glee cover GleeCast
968,Tainy,Reggaeton latin puertorico pop producer
969,Bebe Rexha,pop femalevocalists electronic alternative singer-songwriter
970,6ix9ine,Hip-Hop rap pedophilia trap hiphop
971,Arca,electronic experimental ambient post-rock glitch
972,Piero Piccioni,Soundtrack lounge jazz italian instrumental
973,The Jackson 5,soul motown pop funk 70s
974,Leslie Odom Jr.,hamilton jazz musical Broadway musicaltheater
975,Max,j-pop japanese JPop pop dance
976,Justin Hurwitz,jazz Soundtrack composer Neo-swing instrumental
977,Dazey and the Scouts,queercore punk riotgrrrl rock Lo-Fi
978,Bleachers,indiepop seenlive indie folk pop
979,"WHATEVER, DAD",Lo-Fi indie folk femalevocalists singer-songwriter
980,Mavi,rap turkish TurkishPop Hip-Hop femalevocalists
981,Boney M.,Disco pop 80s dance 70s
982,Billie Holiday,jazz blues femalevocalists jazzvocal vocaljazz
983,Third Eye Blind,rock alternative alternativerock 90s seenlive
984,Myles Smith,folk british alternative singer-songwriter americana
985,Pi’erre Bourne,trap seenlive Hip-Hop hiphop rap
986,CHUNG HA,k-pop pop Korean Kpop femalevocalists
987,Kxllswxtch,rap TrapMetal USA trap darktrap
988,Jeremy Zucker,seenlive pop Hip-Hop indie indiepop
989,LeeHi,k-pop soul Korean Kpop pop
990,LMFAO,electronic Hip-Hop electro Crunk hiphop
991,Miki Matsubara,j-pop citypop pop japanese japan
992,Lesley Gore,60s pop oldies femalevocalists classicrock
993,Wolfgang Amadeus Mozart,Classical instrumental composers classic piano
994,Sports,indie dreampop rock japanese seenlive
995,Miracle Musical,experimental indie american pop USA
996,TEms,rnb soul nigeria afrobeats pop
997,Coin,indie seenlive indierock indiepop alternative
998,Pabllo Vittar,pop bomba gralha yuke aracy
999,RIIZE,k-pop pop Kpop smentertainment Korean
